,0,1,2,3,4,5,6,7,8,9,10,11,12,13,14,15
0,1,156,0,2,1,13,8,30,1,1,1,0,0,68,0,0
1,0,328,93,2,1,11,4,65,1,1,6,0,0,11,119,0
2,0,89,16,2,1,11,4,36,1,0,0,0,0,96,140,0
3,1,125,46,2,1,13,8,73,1,1,5,1,0,31,3,0
4,1,43,109,2,1,13,8,41,1,0,0,0,2,37,0,0
5,1,168,86,2,1,10,8,57,1,0,0,1,0,115,0,0
6,1,179,33,2,1,12,4,98,1,0,0,1,0,54,236,0
7,0,74,169,2,1,3,8,1,1,0,0,0,0,23,168,0
8,1,310,16,3,3,9,4,74,1,0,0,0,0,62,94,0
9,1,255,100,3,3,13,8,68,1,0,0,1,0,15,172,0
10,1,64,27,2,1,2,4,50,0,0,0,1,0,39,0,0
11,1,145,53,2,1,2,4,79,1,0,0,0,0,90,76,0
12,0,220,114,2,1,9,8,25,1,0,0,1,0,0,0,0
13,1,282,115,2,1,9,8,1,0,0,0,0,0,0,195,0
14,0,270,159,2,1,11,8,84,1,1,7,1,0,0,0,0
15,1,211,92,3,3,9,8,6,1,1,10,1,0,105,0,0
16,1,129,29,2,1,10,8,24,1,1,3,1,0,127,0,0
17,0,78,113,2,1,11,8,69,1,1,10,0,0,37,84,0
18,1,61,9,2,1,4,4,17,1,0,0,1,0,0,0,0
19,0,34,136,2,1,3,4,19,1,1,7,0,0,29,0,0
20,1,94,166,2,1,2,8,57,1,1,17,0,0,67,158,0
21,1,78,32,2,1,2,8,22,1,0,0,0,2,100,0,0
22,0,280,131,2,1,2,8,105,1,1,6,1,0,0,163,0
23,0,121,192,2,1,14,4,66,1,1,1,0,0,37,11,0
24,0,244,118,2,1,11,8,13,1,1,3,1,0,47,0,0
25,0,3,19,2,1,2,4,36,1,1,2,0,0,31,0,0
26,0,274,184,2,1,7,1,88,1,1,9,1,0,0,0,0
27,1,318,202,2,1,4,1,125,1,1,17,1,0,0,0,0
28,1,322,135,2,1,5,4,100,1,1,3,0,0,0,0,0
29,1,252,33,2,1,13,8,84,1,1,6,1,0,150,227,0
30,1,138,194,2,1,0,8,85,1,1,5,1,0,56,0,0
31,1,251,148,2,1,14,4,106,1,1,8,0,0,0,0,0
32,1,291,128,2,1,7,1,104,1,1,15,1,0,0,212,0
33,0,212,104,2,1,5,8,84,1,0,0,1,0,0,205,0
34,0,70,161,2,1,11,8,10,1,1,5,1,0,0,119,0
35,1,125,45,2,1,13,8,46,1,1,11,1,0,138,29,0
36,1,119,47,2,1,3,4,43,1,1,12,1,0,158,130,0
37,0,75,172,2,1,14,4,13,1,1,2,1,0,100,118,0
38,1,124,19,3,3,3,8,6,1,1,2,0,0,90,114,0
39,1,311,142,2,1,6,3,124,1,1,11,1,0,8,93,0
40,1,188,139,2,1,2,8,80,1,1,12,1,0,0,79,0
41,1,136,195,2,1,2,4,90,1,1,11,0,0,0,190,0
42,1,142,43,2,1,13,4,19,1,1,1,0,0,84,49,0
43,1,234,190,2,1,13,8,110,1,1,6,1,0,19,0,0
44,1,316,214,3,3,2,8,131,1,1,21,0,0,0,15,0
45,1,309,121,2,1,2,4,60,1,1,11,1,0,0,91,0
46,0,243,55,3,3,11,4,3,1,1,20,1,0,143,161,0
47,1,166,93,2,1,3,4,96,1,1,3,0,0,103,93,0
48,1,247,46,2,1,7,1,72,0,0,0,0,0,74,0,0
49,1,84,21,2,1,2,8,4,0,0,0,0,0,31,0,0
50,0,103,16,2,1,2,4,23,1,0,0,1,0,149,0,0
51,1,106,32,2,1,11,8,42,1,0,0,1,0,96,0,0
52,1,215,55,2,1,13,8,1,1,0,0,1,0,129,218,0
53,1,196,65,2,1,13,8,0,1,0,0,1,0,83,76,0
54,1,189,72,2,1,3,4,102,1,0,0,1,0,0,0,0
55,1,79,170,3,3,13,8,22,1,0,0,1,0,52,93,0
56,1,77,0,2,1,3,8,2,1,0,0,0,0,0,0,0
57,1,265,16,2,1,7,4,84,1,0,0,1,0,105,0,0
58,1,198,94,2,1,14,4,94,0,0,0,1,2,162,0,0
59,1,261,72,2,1,11,4,95,1,1,11,0,0,23,0,0
60,1,319,176,2,1,10,8,30,1,1,4,1,0,67,0,0
61,1,163,198,2,1,4,8,64,1,1,9,0,0,85,132,0
62,0,80,26,3,3,11,8,36,1,1,2,1,0,23,108,0
63,0,46,28,2,1,11,8,38,1,1,1,0,0,0,0,0
64,1,113,91,2,1,3,8,78,1,1,1,1,0,37,0,0
65,1,188,46,2,1,3,8,37,1,1,1,1,0,154,237,0
66,0,203,32,2,1,2,8,46,1,1,11,0,0,0,110,0
67,1,100,12,2,1,10,8,6,1,1,3,0,0,90,233,0
68,1,36,118,2,1,13,4,35,1,1,7,0,0,23,198,0
69,1,198,211,2,1,14,4,39,1,1,1,1,0,152,114,0
70,1,171,126,2,1,5,1,38,1,0,0,1,2,134,0,1
71,1,195,86,2,1,4,1,118,1,0,0,1,0,170,0,1
72,0,223,101,2,1,3,8,121,1,0,0,1,0,167,0,1
73,1,264,16,2,1,10,8,115,1,0,0,0,2,129,0,1
74,1,266,122,3,3,2,8,39,0,0,0,0,0,52,2,1
75,1,48,106,2,1,11,8,9,1,1,1,0,0,52,0,1
76,1,187,118,2,1,0,8,3,1,0,0,1,0,140,0,1
77,0,34,19,3,3,0,8,15,1,0,0,1,0,52,0,1
78,1,59,37,3,3,9,8,57,1,1,1,0,0,62,20,1
79,1,57,147,2,1,2,8,6,1,0,0,0,0,44,0,1
80,1,292,203,2,1,6,3,0,1,1,1,0,0,28,0,1
81,0,123,45,2,1,10,8,46,1,0,0,0,2,116,0,1
82,1,235,16,2,1,10,8,6,1,0,0,0,2,97,0,1
83,0,349,81,2,1,4,8,64,1,0,0,1,0,100,0,1
84,1,119,20,2,1,0,8,11,1,0,0,1,0,67,0,1
85,1,213,86,2,1,2,1,84,1,0,0,1,2,96,0,1
86,1,349,12,2,1,4,8,23,1,0,0,1,2,166,0,1
87,1,102,59,3,3,0,8,75,1,0,0,0,0,65,0,1
88,1,186,94,2,1,0,8,25,1,0,0,1,0,84,0,1
89,0,289,45,2,1,8,5,0,1,0,0,1,0,31,25,1
90,1,334,182,3,3,2,4,84,1,0,0,0,0,35,0,1
91,1,161,196,2,1,2,8,13,1,0,0,0,0,37,0,1
92,1,349,101,3,3,0,8,109,1,0,0,0,0,0,0,1
93,1,303,42,3,3,2,4,113,1,0,0,1,0,67,49,1
94,1,135,45,3,3,2,8,36,1,0,0,1,0,0,80,1
95,0,133,82,2,1,7,1,13,1,0,0,1,0,58,0,1
96,1,75,20,3,3,0,8,3,1,0,0,0,0,62,1,1
97,1,349,16,2,1,2,1,22,1,0,0,1,2,105,0,1
98,0,69,163,3,3,11,8,64,1,0,0,1,0,92,0,1
99,0,132,32,2,1,11,8,25,1,1,2,1,0,55,114,1
100,1,216,51,3,3,2,1,6,1,0,0,1,0,54,108,1
101,1,199,199,3,3,2,8,75,1,0,0,0,0,23,0,1
102,1,29,101,2,1,11,8,9,1,1,2,0,0,0,30,1
103,1,94,174,2,1,9,8,51,1,1,2,1,0,37,5,1
104,1,125,86,3,3,7,4,94,1,1,2,1,0,21,0,1
105,1,312,196,2,1,5,9,0,1,1,19,0,0,49,59,1
106,1,135,37,2,1,9,8,13,1,0,0,0,2,96,0,1
107,0,94,163,3,3,0,8,80,1,0,0,0,0,37,0,1
108,1,242,60,3,3,14,4,114,1,0,0,1,0,60,0,1
109,0,40,25,2,1,2,8,21,1,1,5,1,0,44,5,1
110,1,137,81,2,1,13,8,72,1,1,3,1,0,106,0,1
111,0,89,33,3,3,6,3,13,1,1,3,0,0,62,64,1
112,1,90,179,2,1,13,8,23,1,0,0,1,0,90,0,1
113,0,184,25,2,1,9,1,25,1,1,3,1,0,73,0,1
114,1,48,39,3,3,2,4,33,1,1,3,1,0,44,78,1
115,0,99,36,2,1,11,8,31,1,1,2,0,0,67,0,1
116,1,218,122,2,1,11,4,117,1,1,7,1,0,100,5,1
117,1,305,118,2,1,9,8,97,1,1,15,0,0,0,230,0
118,1,324,123,2,1,10,8,123,1,1,6,1,0,115,166,0
119,0,49,157,2,1,3,4,8,1,1,1,1,0,23,35,0
120,1,236,117,2,1,11,8,1,1,1,1,0,0,67,93,0
121,1,102,179,2,1,3,8,29,1,1,22,1,0,44,88,0
122,0,91,179,2,1,0,8,36,1,1,12,1,0,37,120,0
123,0,263,120,2,1,11,8,101,1,1,3,1,0,0,0,0
124,0,81,138,2,1,11,8,109,1,1,5,1,0,37,0,0
125,1,196,101,2,1,14,4,103,1,1,6,1,0,0,149,0
126,1,279,65,2,1,10,1,57,1,1,12,1,0,131,194,0
127,1,72,163,2,1,11,8,57,1,1,7,1,0,31,139,0
128,1,190,91,2,1,7,1,70,1,1,2,0,0,94,125,0
129,0,131,81,2,1,13,8,22,1,0,0,0,2,96,0,0
130,1,340,108,2,1,5,9,120,1,1,1,1,0,0,0,0
131,1,46,53,2,1,2,8,51,1,1,1,0,0,31,65,0
132,0,278,131,2,1,5,1,98,1,1,6,0,0,121,238,0
133,1,206,101,2,1,2,1,57,1,1,6,0,0,0,103,0
134,1,173,108,2,1,11,4,92,1,1,12,1,0,130,149,0
135,1,287,118,2,1,11,4,95,1,0,0,1,0,112,0,0
136,1,236,17,3,3,0,8,13,1,1,3,0,0,67,149,0
137,1,182,69,2,1,10,8,77,1,1,6,0,0,69,0,0
138,0,31,143,2,1,13,8,39,1,1,6,1,0,10,124,0
139,0,116,186,2,1,11,4,84,1,1,2,0,0,0,212,0
140,0,159,84,2,1,3,4,16,1,1,9,1,0,63,0,0
141,0,317,197,2,1,8,3,0,1,1,15,0,0,0,86,0
142,1,258,10,3,3,3,4,42,1,1,8,0,0,31,104,0
143,1,67,163,2,1,13,8,46,1,1,1,0,0,23,89,0
144,1,119,49,2,1,3,4,86,1,1,9,0,0,128,141,0
145,1,175,65,2,1,3,4,62,1,1,6,0,0,52,182,0
146,1,78,45,2,1,11,8,54,1,1,3,1,0,0,121,0
147,0,239,127,3,3,11,4,107,1,1,14,0,0,0,191,0
148,0,152,118,2,1,2,1,75,1,1,7,1,0,0,200,0
149,0,306,195,2,1,2,8,92,1,1,14,0,0,0,187,0
150,0,273,15,2,1,3,4,10,1,1,11,1,0,139,6,0
151,0,325,150,2,1,11,8,75,1,1,14,0,0,0,175,0
152,1,214,118,2,1,10,4,77,1,1,12,1,0,27,0,0
153,1,76,65,2,1,2,8,27,1,1,11,1,0,17,185,0
154,1,174,45,2,1,3,4,92,1,1,3,1,0,0,0,0
155,0,59,168,3,3,8,5,0,1,1,11,1,0,0,0,0
156,0,132,73,3,3,14,4,58,1,1,1,0,0,19,0,0
157,0,341,195,2,1,5,9,0,1,1,14,0,0,0,203,0
158,1,126,54,2,1,9,4,76,1,1,2,1,0,63,0,0
159,1,187,2,3,3,10,1,1,1,1,1,1,0,96,179,0
160,1,123,54,2,1,14,4,25,1,1,4,0,0,44,223,0
161,1,262,54,2,1,10,8,42,1,1,2,1,0,0,15,0
162,1,95,50,2,1,14,8,40,1,1,1,1,0,126,20,0
163,1,167,51,3,3,5,4,1,1,0,0,1,0,125,0,0
164,0,332,199,2,1,11,8,116,1,0,0,1,0,3,228,0
165,0,241,150,2,1,11,4,42,1,0,0,0,0,7,142,0
166,1,35,143,2,1,11,8,25,1,0,0,1,0,17,108,0
167,0,171,17,2,1,3,8,1,1,0,0,0,0,139,229,0
168,1,211,77,2,1,11,4,112,1,0,0,1,0,32,126,0
169,1,216,36,3,3,4,8,36,0,0,0,1,0,136,0,0
170,0,95,66,3,3,0,8,6,1,0,0,1,0,118,0,0
171,1,245,0,2,1,2,1,125,1,0,0,0,0,0,0,0
172,1,315,179,2,1,9,4,107,1,0,0,1,0,5,181,0
173,0,293,187,2,1,9,4,109,1,0,0,1,0,0,0,0
174,1,71,159,2,1,11,4,32,1,0,0,0,0,31,0,0
175,1,117,45,3,3,13,8,9,1,0,0,1,0,90,153,0
176,1,94,179,2,1,0,8,64,1,0,0,1,2,2,0,0
177,0,107,137,2,1,0,8,34,1,0,0,0,0,52,65,0
178,0,26,140,2,1,11,8,29,1,1,4,0,0,17,117,0
179,1,43,133,2,1,0,8,45,1,1,14,0,0,17,67,0
180,1,279,10,2,1,2,1,125,1,1,19,0,0,0,232,0
181,0,54,62,2,1,7,1,13,1,1,4,0,2,23,0,0
182,0,48,72,2,1,11,8,4,1,1,3,0,0,31,6,0
183,0,321,204,2,1,2,8,92,1,1,7,0,0,0,199,0
184,0,68,110,2,1,11,8,59,1,1,7,0,0,40,201,0
185,1,288,135,2,1,2,4,118,1,1,9,0,0,63,176,0
186,1,237,118,2,1,0,1,72,1,1,1,0,0,0,114,0
187,1,240,101,2,1,2,8,84,1,1,7,0,0,0,200,0
188,0,134,33,2,1,2,8,57,1,1,5,1,0,100,171,0
189,0,178,96,2,1,11,4,39,1,1,2,0,0,0,0,0
190,1,55,159,2,1,2,8,64,1,0,0,1,0,0,0,0
191,1,251,7,2,1,7,4,87,1,0,0,0,0,129,0,0
192,1,249,31,2,1,14,8,57,1,0,0,0,0,151,124,0
193,1,71,47,3,3,13,8,66,1,1,6,0,0,23,0,0
194,1,191,87,3,3,7,1,109,1,1,7,1,0,66,0,0
195,1,129,102,3,3,2,1,36,1,1,8,1,0,46,7,0
196,1,179,76,3,3,14,8,68,1,1,3,1,0,122,0,0
197,1,283,129,2,1,13,4,126,1,1,12,0,0,0,137,0
198,1,122,55,3,3,0,8,46,1,1,3,1,0,118,119,0
199,1,70,151,2,1,14,8,1,1,1,9,0,0,17,107,0
200,0,85,16,2,1,11,4,30,1,1,1,0,0,0,127,0
201,0,245,32,2,1,7,1,51,1,0,0,1,0,0,93,0
202,1,92,69,2,1,2,8,51,1,1,6,0,0,170,124,0
203,0,49,155,2,1,11,8,18,1,1,2,1,0,13,0,0
204,1,207,57,3,3,13,8,2,1,1,1,0,0,14,156,0
205,0,200,174,2,1,11,4,123,1,1,8,0,0,0,220,0
206,0,344,0,0,0,1,0,0,0,0,0,0,1,170,0,0
207,1,134,141,2,1,11,4,93,1,1,6,0,0,123,70,0
208,1,198,65,2,1,9,8,80,1,1,7,0,0,48,164,0
209,1,233,91,2,1,2,1,98,1,1,16,0,0,36,159,0
210,1,231,113,2,1,3,4,114,1,1,14,1,0,128,0,0
211,1,87,119,3,3,4,8,92,1,0,0,1,2,31,0,0
212,1,331,192,2,1,6,3,129,1,1,15,1,0,0,149,0
213,1,76,168,2,1,7,8,72,1,1,9,0,0,16,133,0
214,1,113,68,3,3,3,8,89,1,1,1,0,0,72,0,0
215,1,283,81,2,1,0,8,72,1,0,0,0,2,80,0,0
216,1,244,87,2,1,3,4,100,1,1,8,0,0,105,0,0
217,1,314,168,2,1,6,3,84,1,1,5,0,0,0,225,0
218,1,308,146,2,1,5,8,111,1,1,5,0,0,0,0,0
219,0,32,140,3,3,2,8,25,1,1,4,1,0,23,114,0
220,0,294,180,2,1,0,8,52,1,1,3,1,0,51,0,0
221,1,339,163,2,1,5,9,130,1,1,7,1,0,4,0,0
222,0,17,138,2,1,0,8,33,1,0,0,1,0,0,0,0
223,0,31,144,2,1,0,8,2,1,0,0,0,0,31,0,0
224,0,218,108,2,1,11,8,3,1,0,0,1,0,79,0,0
225,1,78,86,2,1,2,1,6,1,0,0,1,0,52,0,0
226,1,22,108,2,1,9,8,13,1,0,0,0,0,23,0,0
227,0,69,134,3,3,14,8,56,0,0,0,0,0,54,0,0
228,1,39,12,2,1,11,8,46,1,1,2,1,0,23,0,0
229,1,64,163,2,1,3,8,17,1,0,0,0,0,31,0,0
230,1,96,81,2,1,3,8,16,1,1,7,0,0,0,222,0
231,0,278,72,2,1,14,8,122,1,1,2,1,0,153,177,0
232,1,181,51,2,1,14,4,80,1,1,4,1,0,87,143,0
233,1,123,189,2,1,13,8,94,1,0,0,1,0,148,114,0
234,0,326,206,2,1,7,1,114,1,1,13,0,0,0,221,0
235,0,48,53,2,1,11,8,48,1,1,5,0,0,75,193,0
236,1,108,9,2,1,7,1,0,1,0,0,1,0,0,0,0
237,1,55,126,2,1,0,8,34,1,1,1,0,0,23,226,0
238,1,257,96,2,1,11,8,81,1,0,0,0,2,0,0,0
239,1,219,153,2,1,14,8,57,1,1,6,0,0,154,75,0
240,1,47,150,3,3,2,8,57,1,0,0,0,2,10,0,0
241,1,284,210,2,1,13,8,42,1,1,3,0,0,37,14,0
242,1,130,101,2,1,13,8,116,1,0,0,1,0,19,0,0
243,0,30,126,2,1,11,8,61,1,1,5,0,0,170,235,0
244,1,27,54,2,1,7,8,36,1,1,2,0,0,37,93,0
245,1,179,73,3,3,2,4,47,1,1,1,1,0,62,234,0
246,1,267,135,2,1,3,4,123,1,1,1,1,0,25,179,0
247,0,39,8,2,1,11,4,7,1,1,11,0,0,23,48,0
248,1,89,182,2,1,2,1,83,1,1,2,0,0,20,109,0
249,1,61,163,2,1,14,8,7,1,1,6,0,0,38,0,0
250,1,238,207,2,1,5,9,130,1,1,11,0,0,0,157,0
251,1,246,101,2,1,11,4,84,1,1,6,1,0,146,0,0
252,0,19,163,2,1,14,4,25,1,1,11,0,0,0,199,0
253,1,77,165,2,1,14,4,12,1,1,1,0,0,31,0,0
254,1,349,20,2,1,9,8,6,0,0,0,0,0,122,180,1
255,1,23,155,2,1,2,4,27,0,0,0,0,0,105,13,1
256,1,41,164,2,1,2,8,46,0,0,0,1,0,43,0,1
257,1,41,0,2,1,4,8,13,0,0,0,0,0,46,0,1
258,0,49,144,2,1,7,8,1,0,0,0,0,0,67,149,1
259,0,89,51,3,3,2,8,4,0,0,0,0,0,42,0,1
260,1,174,62,2,1,4,4,94,0,0,0,1,0,99,0,1
261,0,302,0,3,3,6,3,0,0,0,0,0,0,0,0,1
262,0,283,41,2,1,7,7,8,0,0,0,0,0,0,56,1
263,0,46,159,3,3,14,4,0,0,0,0,1,0,50,27,1
264,1,296,19,2,1,6,3,0,0,0,0,0,0,47,0,1
265,1,12,3,3,3,2,8,1,0,0,0,0,0,44,131,1
266,1,25,38,3,3,5,2,0,0,0,0,0,0,31,0,1
267,0,167,114,2,1,4,8,30,0,0,0,0,0,93,0,1
268,1,330,46,2,1,11,8,3,1,0,0,1,0,90,0,0
269,1,21,5,2,1,11,6,5,0,0,0,0,0,67,31,0
270,1,217,0,0,0,1,0,0,0,0,0,0,1,170,0,0
271,1,171,65,2,1,2,8,30,0,0,0,1,0,96,0,1
272,1,22,121,3,3,10,8,1,0,0,0,0,0,44,0,1
273,1,220,153,3,3,9,8,3,0,0,0,0,0,52,0,1
274,1,154,65,2,1,3,4,51,0,0,0,1,2,109,0,1
275,1,28,111,2,1,4,8,14,0,0,0,0,0,37,0,1
276,0,34,107,2,1,7,4,7,0,0,0,0,0,23,113,1
277,0,23,150,3,3,11,4,4,0,0,0,0,0,109,0,1
278,1,90,186,3,3,6,3,0,0,0,0,0,0,170,0,1
279,1,8,28,2,1,10,8,2,1,0,0,0,2,67,0,1
280,1,53,29,3,3,2,4,6,0,0,0,0,0,96,77,1
281,1,84,19,3,3,3,4,3,0,0,0,0,0,84,1,1
282,1,18,93,2,1,2,8,6,0,0,0,0,2,23,0,1
283,0,10,39,2,1,11,8,6,0,1,1,0,0,33,47,1
284,1,78,181,2,1,2,8,3,0,1,2,0,0,0,216,1
285,1,17,150,2,1,13,4,4,0,1,1,0,0,37,1,1
286,0,349,45,2,1,6,3,0,0,1,2,1,0,67,50,1
287,1,140,18,2,1,13,8,7,0,1,1,0,0,109,197,1
288,1,31,13,3,3,2,8,4,0,1,1,0,0,67,1,1
289,0,60,51,3,3,8,5,0,0,0,0,0,0,52,0,1
290,1,75,25,2,1,10,8,13,0,0,0,1,2,105,0,1
291,0,24,150,2,1,13,8,25,0,1,1,0,0,37,1,1
292,1,99,17,2,1,13,8,4,0,1,1,0,0,93,109,1
293,1,202,63,2,1,13,8,3,0,1,2,0,0,75,1,1
294,0,6,11,2,1,6,3,0,0,1,1,0,0,52,58,1
295,0,166,75,2,1,6,3,65,0,1,2,1,0,67,4,1
296,1,342,138,2,1,6,3,75,0,1,1,0,0,19,6,1
297,1,176,65,2,1,0,8,42,0,1,2,1,0,163,0,1
298,1,9,69,2,1,0,8,17,0,1,1,0,0,23,21,1
299,1,65,175,2,1,2,8,71,0,1,2,1,0,62,71,1
300,0,323,54,2,1,6,3,98,0,1,1,0,0,0,10,1
301,1,24,5,2,1,4,8,6,0,0,0,1,2,96,0,1
302,1,80,32,2,1,2,8,13,0,0,0,1,2,96,0,1
303,0,4,71,2,1,11,8,2,0,0,0,0,0,37,0,1
304,0,91,188,2,1,11,4,36,0,0,0,0,0,96,1,1
305,1,288,213,3,3,6,3,0,1,0,0,1,0,0,0,1
306,1,81,69,2,1,6,3,80,0,0,0,0,0,52,24,1
307,1,28,156,2,1,6,3,10,0,0,0,0,0,23,0,1
308,1,124,40,2,1,9,4,6,0,0,0,1,2,44,0,1
309,0,164,72,3,3,8,5,0,0,0,0,0,0,52,20,1
310,0,92,94,2,1,13,8,25,0,0,0,1,0,115,6,1
311,1,33,51,3,3,2,8,53,0,0,0,1,0,35,6,1
312,0,9,8,2,1,0,8,3,0,0,0,0,0,67,1,1
313,0,28,150,2,1,4,8,10,0,0,0,0,0,23,33,1
314,1,8,0,3,3,0,8,6,0,0,0,0,0,17,0,1
315,1,75,25,2,1,10,8,13,1,0,0,1,2,105,0,1
316,1,53,9,3,3,2,4,6,0,0,0,0,0,96,77,1
317,1,16,208,1,2,6,7,0,0,0,0,1,1,141,239,0
318,1,34,0,3,3,10,1,0,0,0,0,1,2,150,1,0
319,1,212,4,3,3,2,8,36,0,0,0,1,0,82,54,0
320,1,54,45,2,1,13,8,36,0,0,0,0,0,48,8,0
321,0,22,12,1,2,3,3,114,0,0,0,1,2,100,0,0
322,0,183,12,2,1,3,8,9,0,0,0,0,0,100,34,0
323,1,287,7,3,3,9,8,6,1,1,11,0,0,122,196,0
324,1,183,39,2,1,13,8,28,0,0,0,0,0,37,0,1
325,0,140,35,3,3,14,8,25,0,0,0,0,0,96,13,1
326,1,148,35,3,3,2,8,1,0,0,0,0,0,57,72,1
327,1,241,81,2,1,7,1,13,0,0,0,0,2,168,0,1
328,1,195,65,3,3,13,8,64,0,0,0,0,2,67,0,1
329,1,349,86,3,3,7,8,2,0,0,0,1,0,132,0,1
330,1,46,0,0,0,1,0,0,0,0,0,0,1,170,0,1
331,0,180,65,3,3,2,8,57,0,0,0,1,0,0,2,1
332,1,187,65,2,1,2,8,25,0,0,0,0,0,144,16,1
333,0,97,179,2,1,4,8,25,0,0,0,1,0,62,152,1
334,1,194,65,2,1,3,1,13,0,0,0,0,0,110,0,1
335,1,123,25,2,1,11,4,4,0,0,0,1,0,75,87,1
336,1,277,118,2,1,2,8,25,0,0,0,1,0,0,81,1
337,0,195,39,3,3,7,4,13,0,0,0,1,0,52,0,1
338,0,180,72,3,3,0,8,46,0,0,0,0,0,62,0,1
339,1,126,72,2,1,13,8,19,0,0,0,1,0,100,41,1
340,0,228,86,2,1,2,8,64,0,0,0,0,0,147,0,1
341,1,256,88,2,1,0,8,1,0,0,0,0,0,33,49,1
342,1,116,60,2,1,7,1,13,0,0,0,1,0,160,205,1
343,1,184,69,2,1,7,1,0,0,0,0,0,0,62,0,1
344,1,226,51,2,1,9,8,13,0,0,0,1,0,100,2,1
345,1,335,122,2,1,5,9,0,0,0,0,0,0,0,12,1
346,1,170,45,2,1,2,8,6,0,0,0,1,0,120,57,1
347,1,114,94,3,3,2,1,57,0,0,0,0,0,67,159,1
348,1,336,17,2,1,2,8,15,1,1,3,1,0,62,0,1
349,1,125,45,2,1,13,8,51,0,1,1,1,0,31,3,1
350,0,108,54,2,1,8,5,0,0,0,0,1,0,95,1,1
351,1,65,19,3,3,6,3,0,0,0,0,0,0,31,0,1
352,1,69,168,3,3,10,8,36,0,0,0,1,0,0,205,1
353,1,155,47,2,1,4,8,15,0,0,0,1,2,0,0,1
354,1,211,54,2,1,7,8,6,0,0,0,1,0,76,0,1
355,0,5,5,2,1,0,8,25,0,1,2,1,0,105,1,1
356,1,244,41,2,1,4,8,4,0,0,0,0,0,56,0,1
357,0,37,5,2,1,11,8,1,0,0,0,1,0,122,0,1
358,1,172,72,2,1,4,8,4,0,0,0,1,0,37,0,1
359,0,212,97,2,1,6,3,0,0,0,0,0,0,52,0,1
360,0,149,108,2,1,9,8,92,0,0,0,1,2,31,0,1
361,1,76,65,2,1,6,3,2,0,0,0,1,0,31,208,1
362,1,115,17,2,1,9,3,0,0,0,0,0,0,31,0,1
363,1,11,11,3,3,9,8,7,0,0,0,0,2,67,0,1
364,1,88,54,2,1,5,2,4,0,1,2,0,0,105,165,1
365,1,257,39,2,1,10,8,122,0,1,1,1,0,113,53,1
366,0,72,116,2,1,0,8,4,0,0,0,0,0,75,149,1
367,1,232,50,3,3,10,8,4,0,0,0,0,2,129,0,1
368,0,82,168,3,3,9,4,64,0,0,0,1,0,2,16,1
369,1,56,25,3,3,12,6,19,0,0,0,1,0,42,2,1
370,1,177,65,3,3,13,8,100,0,0,0,1,0,96,0,1
371,1,110,184,2,1,5,2,0,0,0,0,1,0,44,155,1
372,0,267,95,2,1,9,4,25,0,0,0,1,2,84,0,1
373,1,109,46,2,1,13,8,3,0,0,0,0,0,31,0,1
374,1,128,19,2,1,0,8,1,0,0,0,0,0,90,150,1
375,0,50,16,3,3,5,2,25,0,0,0,0,0,90,0,1
376,1,134,192,2,1,4,8,3,0,0,0,0,0,0,92,1
377,1,48,28,3,3,2,8,46,0,0,0,1,2,84,0,1
378,1,190,41,2,1,7,1,3,0,0,0,1,0,139,209,1
379,1,182,9,2,1,7,1,75,0,0,0,1,2,134,0,1
380,1,260,101,2,1,7,1,51,0,0,0,1,0,45,0,1
381,0,71,122,2,1,2,8,4,0,0,0,0,0,52,0,1
382,0,87,65,3,3,7,1,80,0,0,0,0,0,67,110,1
383,0,320,91,3,3,6,3,84,0,0,0,1,0,0,4,1
384,1,64,167,2,1,9,8,38,0,0,0,1,0,31,160,1
385,1,186,108,3,3,2,8,36,0,0,0,1,0,17,0,1
386,1,70,45,3,3,0,8,14,0,0,0,1,0,37,41,1
387,1,53,0,2,1,2,8,13,0,0,0,1,2,0,0,1
388,1,113,193,2,1,7,1,0,0,0,0,1,0,61,0,1
389,1,74,6,2,1,10,8,2,0,0,0,0,2,0,0,1
390,1,1,122,2,1,5,8,25,0,0,0,0,0,159,0,1
391,1,236,101,2,1,7,1,5,0,0,0,0,0,156,0,1
392,1,121,179,2,1,0,1,6,0,0,0,1,0,163,0,1
393,1,91,17,2,1,10,8,25,0,0,0,1,0,37,1,1
394,1,244,39,3,3,13,8,6,0,0,0,0,0,0,74,1
395,0,178,48,2,1,4,8,14,0,0,0,1,0,0,0,1
396,1,144,55,3,3,14,4,1,0,0,0,0,0,39,1,1
397,0,82,19,3,3,6,3,3,0,0,0,0,0,37,45,1
398,1,108,179,3,3,9,4,30,0,0,0,1,0,0,17,1
399,1,157,56,2,1,2,8,2,0,0,0,0,0,100,0,1
400,1,49,103,3,3,8,8,7,0,0,0,0,0,44,73,1
401,1,136,12,2,1,2,8,7,0,0,0,0,0,75,61,1
402,0,301,118,2,1,7,1,66,0,0,0,1,0,20,0,1
403,0,71,11,2,1,11,8,19,0,0,0,0,2,52,0,1
404,1,186,103,3,3,7,1,27,0,0,0,1,0,147,0,1
405,0,343,114,2,1,6,3,0,0,0,0,0,2,0,0,1
406,0,239,132,3,3,9,8,4,0,1,2,0,0,170,18,1
407,0,38,21,3,3,2,8,25,0,1,1,0,0,169,2,1
408,1,5,75,2,1,13,8,2,0,1,1,0,0,0,6,1
409,1,12,9,2,1,11,8,8,0,1,4,0,0,52,8,1
410,1,159,70,2,1,6,3,0,0,1,5,0,0,60,63,1
411,1,96,72,2,1,2,8,30,0,1,1,0,0,0,22,1
412,0,71,26,2,1,7,8,2,0,0,0,0,0,46,0,1
413,1,240,45,2,1,7,1,0,0,0,0,0,2,100,0,1
414,1,66,15,2,1,9,8,3,0,0,0,1,0,96,37,1
415,0,66,39,3,3,6,3,70,0,0,0,0,0,96,0,1
416,1,69,4,3,3,9,8,3,0,0,0,0,0,67,43,1
417,1,82,52,2,1,2,8,14,0,0,0,1,0,43,1,1
418,1,222,23,2,1,2,8,9,0,1,2,0,0,78,114,1
419,0,112,66,3,3,6,3,0,0,0,0,1,0,62,40,1
420,1,197,65,2,1,7,8,25,0,0,0,1,0,71,0,1
421,1,46,35,2,1,11,8,36,0,0,0,0,0,33,7,1
422,1,139,39,2,1,13,8,42,0,0,0,0,0,67,0,1
423,1,108,28,2,1,3,8,28,0,0,0,0,0,31,0,1
424,1,183,58,2,1,2,8,36,0,0,0,0,1,37,0,1
425,1,90,39,2,1,2,8,6,0,0,0,0,0,34,0,1
426,0,123,55,2,1,13,8,6,0,0,0,1,0,62,35,1
427,1,216,28,2,1,5,8,1,0,0,0,0,0,37,5,1
428,1,290,61,2,1,6,3,7,0,0,0,0,0,67,3,1
429,1,182,11,3,3,3,8,2,0,0,0,0,0,62,0,1
430,1,300,72,3,3,6,3,36,0,0,0,0,0,62,4,1
431,1,74,76,3,3,2,8,4,0,0,0,0,0,52,151,1
432,1,61,46,2,1,9,8,2,0,0,0,1,0,114,0,1
433,1,97,32,2,1,0,8,13,0,0,0,0,0,67,0,1
434,1,327,68,2,1,2,8,55,0,0,0,1,0,105,0,1
435,1,33,0,3,3,6,3,0,0,1,4,0,0,12,1,1
436,1,38,19,2,1,6,3,0,0,1,3,0,0,112,136,1
437,0,307,5,2,1,6,3,0,0,0,0,1,2,18,25,1
438,0,118,39,2,1,6,3,0,0,1,1,0,0,26,93,1
439,1,105,29,2,1,9,8,9,0,1,2,1,0,59,3,1
440,1,76,0,2,1,9,8,25,0,1,11,0,2,0,0,1
441,1,234,101,2,1,6,3,0,0,1,2,0,0,1,1,1
442,1,153,68,3,3,10,8,3,0,0,0,1,2,23,0,1
443,1,13,72,2,1,9,8,1,0,0,0,1,0,52,31,1
444,0,18,0,3,3,8,3,0,0,0,0,0,0,24,0,1
445,0,349,166,2,1,6,3,0,0,0,0,0,0,170,214,1
446,1,10,4,2,1,2,8,4,0,0,0,0,0,42,0,1
447,0,120,49,2,1,6,3,0,0,0,0,0,0,109,1,1
448,1,159,36,2,1,6,3,0,0,1,1,0,0,29,19,1
449,1,41,122,2,1,2,8,13,0,0,0,0,0,0,0,1
450,1,349,72,3,3,7,1,100,0,0,0,0,0,0,1,1
451,1,233,48,2,1,2,8,36,0,0,0,0,0,0,95,1
452,1,209,91,2,1,11,8,72,0,0,0,0,0,142,35,1
453,1,143,21,2,1,13,8,6,0,0,0,1,0,100,0,1
454,1,304,45,2,1,4,8,73,0,0,0,1,0,0,100,1
455,1,205,201,2,1,13,8,2,0,0,0,0,0,105,204,1
456,1,192,0,0,0,1,0,0,0,0,0,0,1,170,0,1
457,1,142,25,3,3,2,8,1,0,0,0,0,0,84,0,1
458,1,205,108,2,1,7,1,84,0,0,0,0,0,71,128,1
459,1,102,10,3,3,2,8,36,0,0,0,1,0,52,0,1
460,0,89,63,3,3,2,8,0,0,0,0,0,0,37,0,1
461,1,85,29,2,1,10,8,2,0,1,4,0,0,88,178,1
462,1,62,16,2,1,2,8,3,0,0,0,0,0,115,0,1
463,0,210,10,2,1,6,3,0,0,1,10,0,0,67,18,1
464,0,75,53,2,1,8,5,0,0,1,1,0,0,67,36,1
465,0,122,72,2,1,10,8,63,0,1,1,1,0,96,10,1
466,1,158,74,2,1,2,8,57,0,1,2,1,0,52,32,1
467,0,151,42,2,1,13,4,1,0,1,3,0,0,0,28,1
468,1,64,62,2,1,9,8,19,0,0,0,0,0,62,0,1
469,1,9,88,2,1,7,4,10,0,0,0,1,0,37,0,1
470,0,62,171,2,1,9,4,2,0,0,0,0,0,105,5,1
471,1,52,89,3,3,7,4,1,0,0,0,0,0,44,49,1
472,1,15,118,2,1,7,8,3,0,0,0,0,0,17,49,1
473,1,34,86,3,3,7,8,25,0,0,0,1,0,115,149,1
474,1,48,13,2,1,2,8,3,0,0,0,0,0,0,34,1
475,1,114,54,2,1,4,8,19,0,0,0,1,0,23,0,1
476,1,82,28,2,1,7,4,2,0,0,0,1,0,75,5,1
477,1,229,65,3,3,7,4,114,0,0,0,1,2,67,0,1
478,1,72,168,2,1,7,8,10,0,0,0,0,0,0,0,1
479,1,111,68,3,3,1,0,2,0,0,0,0,2,23,0,1
480,0,11,16,2,1,7,8,4,0,1,6,1,0,84,29,1
481,1,81,76,3,3,9,8,10,0,1,1,1,0,96,44,1
482,0,14,143,2,1,0,8,42,0,1,10,1,0,0,10,1
483,1,83,13,3,3,2,8,1,0,1,2,0,0,39,6,1
484,1,193,34,2,1,10,8,28,0,0,0,0,2,6,0,1
485,1,346,203,3,3,6,3,1,0,1,2,0,0,0,101,1
486,1,128,4,3,3,9,8,2,0,0,0,0,0,74,184,1
487,1,89,185,3,3,0,8,1,0,0,0,1,0,37,112,1
488,1,31,82,3,3,6,3,0,0,0,0,1,0,62,1,1
489,1,269,32,2,1,11,8,3,0,0,0,1,0,91,0,1
490,0,276,25,2,1,11,4,62,1,1,1,0,0,108,144,0
491,1,86,29,2,1,11,8,82,1,1,2,1,0,154,179,0
492,1,230,143,2,1,10,8,98,1,1,14,0,0,84,210,0
493,0,47,173,2,1,2,4,95,1,0,0,0,0,109,0,0
494,0,31,92,3,3,2,4,64,1,0,0,0,0,84,0,0
495,1,34,143,2,1,13,8,36,1,0,0,0,0,37,188,0
496,0,94,29,2,1,14,4,26,1,0,0,1,0,52,219,0
497,1,43,140,2,1,2,8,40,1,1,3,1,0,10,26,0
498,1,103,16,2,1,2,8,35,1,1,5,1,0,104,0,0
499,1,46,122,2,1,2,8,39,1,1,3,0,0,67,169,0
500,1,349,86,2,1,14,8,84,1,1,3,1,0,98,189,0
501,1,227,101,2,1,3,8,72,1,1,10,1,0,0,0,0
502,0,337,5,2,1,6,3,0,1,1,1,0,0,82,49,0
503,1,129,104,2,1,14,8,83,1,1,2,0,0,134,7,0
504,0,135,84,2,1,2,8,27,1,1,1,1,0,119,0,0
505,1,160,204,2,1,2,8,100,1,1,16,0,0,0,212,0
506,0,32,138,2,1,0,8,19,1,1,2,0,0,25,123,0
507,0,91,72,2,1,11,4,43,1,1,18,0,0,0,114,0
508,0,154,174,2,1,2,8,46,1,1,1,0,0,75,19,0
509,1,51,99,3,3,13,8,51,1,1,1,1,0,23,93,0
510,1,0,86,3,3,13,8,42,1,1,2,1,0,37,149,0
511,0,271,86,2,1,8,5,0,1,0,0,0,0,31,147,0
512,0,265,0,2,1,2,8,57,1,0,0,0,0,0,0,0
513,1,44,149,2,1,5,2,0,1,0,0,0,0,0,0,0
514,1,71,66,3,3,2,4,59,1,0,0,0,0,0,0,0
515,1,349,159,2,1,14,8,98,1,0,0,0,0,0,0,0
516,0,333,101,2,1,0,8,75,1,1,4,0,0,0,48,0
517,1,6,25,2,1,2,8,42,1,1,5,1,0,113,129,0
518,0,128,12,2,1,11,8,15,1,1,4,0,0,23,0,0
519,1,229,50,2,1,14,8,3,1,1,5,1,0,147,0,0
520,1,46,126,2,1,9,8,36,1,1,1,0,0,52,82,0
521,0,146,106,2,1,5,2,51,1,1,5,1,0,30,114,0
522,1,73,72,2,1,10,8,31,1,1,1,0,0,90,138,0
523,0,69,135,2,1,11,8,42,1,1,10,0,0,23,148,1
524,0,133,49,2,1,11,8,55,1,0,0,1,0,139,0,1
525,1,268,45,2,1,2,8,57,1,0,0,1,0,44,0,1
526,1,248,51,2,1,9,8,5,1,0,0,0,0,52,0,1
527,0,321,11,2,1,7,1,25,1,0,0,1,0,86,186,1
528,0,313,124,2,1,9,4,99,1,1,3,1,0,31,35,1
529,1,261,212,2,1,11,4,5,1,1,1,0,0,164,46,1
530,0,98,56,2,1,2,4,62,1,0,0,1,0,115,1,1
531,0,90,22,2,1,0,4,42,1,0,0,0,0,129,0,1
532,1,260,60,2,1,7,1,19,1,0,0,0,0,157,0,1
533,1,242,28,2,1,6,3,0,1,0,0,0,0,41,1,1
534,1,165,65,2,1,0,8,103,1,0,0,1,0,155,0,1
535,0,185,47,3,3,6,3,0,1,0,0,0,0,105,0,1
536,0,93,39,2,1,6,3,0,1,0,0,0,0,23,0,1
537,1,199,76,2,1,14,4,73,1,0,0,1,0,161,0,1
538,1,189,51,2,1,13,1,6,1,0,0,1,0,53,0,1
539,1,348,108,2,1,1,0,14,1,0,0,0,0,0,98,1
540,1,36,45,3,3,3,8,46,1,0,0,1,0,31,20,1
541,1,256,72,2,1,7,1,25,1,0,0,0,0,0,76,1
542,1,39,150,3,3,9,4,22,1,0,0,1,0,44,0,1
543,1,207,85,2,1,13,8,28,1,0,0,1,0,67,0,1
544,1,147,33,3,3,7,1,13,1,1,10,1,0,42,26,1
545,1,264,163,3,3,4,8,36,1,0,0,0,2,0,0,1
546,1,82,15,3,3,13,8,60,1,1,6,1,0,70,99,1
547,1,84,45,2,1,4,4,44,1,1,6,0,0,67,97,0
548,1,179,32,2,1,14,8,19,1,1,7,1,0,109,206,0
549,1,285,174,2,1,10,8,127,1,0,0,0,2,34,0,0
550,1,347,209,2,1,5,9,119,1,1,1,1,0,0,52,0
551,1,297,150,2,1,7,1,0,1,1,11,0,0,0,162,0
552,1,194,195,2,1,12,6,91,1,1,9,1,0,0,60,0
553,1,223,79,2,1,13,8,75,1,1,14,0,0,124,167,0
554,0,68,166,3,3,14,4,19,1,1,4,0,0,0,96,0
555,1,250,14,2,1,2,4,5,1,1,6,0,0,75,146,0
556,1,141,94,2,1,13,8,103,1,1,2,1,0,107,0,0
557,0,169,44,2,1,13,8,27,1,1,16,0,0,37,183,0
558,1,298,1,2,1,14,4,1,1,0,0,0,0,0,199,0
559,0,73,61,2,1,11,4,52,1,1,7,1,0,44,192,0
560,0,94,177,2,1,3,4,72,1,1,6,0,0,129,111,0
561,1,114,36,2,1,14,4,30,1,0,0,0,0,0,215,0
562,1,79,45,2,1,2,4,34,1,0,0,0,0,135,76,0
563,1,88,178,2,1,11,4,38,1,0,0,1,0,37,0,0
564,1,253,102,2,1,11,4,119,1,0,0,1,0,26,0,0
565,0,50,72,2,1,0,8,1,1,0,0,0,0,31,0,0
566,1,76,168,2,1,13,4,49,1,1,11,1,0,98,91,0
567,0,96,71,2,1,14,4,23,1,0,0,0,0,115,0,0
568,1,259,12,3,3,2,8,9,1,1,8,1,0,100,69,0
569,0,202,30,2,1,0,8,19,1,1,4,0,0,0,174,0
570,1,329,69,2,1,13,8,42,1,1,5,1,0,17,38,0
571,1,51,72,3,3,4,8,27,1,1,8,1,0,52,1,0
572,1,62,17,3,3,14,8,1,1,1,1,1,0,165,39,0
573,0,338,191,2,1,6,3,0,1,1,11,1,0,0,170,0
574,0,45,150,2,1,2,4,25,1,1,4,0,0,14,173,0
575,1,170,5,3,3,2,4,70,1,1,1,1,0,137,224,0
576,1,148,16,2,1,2,8,42,1,1,11,0,0,9,117,0
577,1,96,114,2,1,2,8,25,1,1,3,0,0,0,0,0
578,1,229,48,2,1,2,8,36,1,1,10,0,0,64,211,0
579,1,228,114,2,1,10,8,31,1,1,5,1,0,33,154,0
580,1,163,27,2,1,14,8,32,1,1,8,1,0,101,202,0
581,1,243,1,2,1,5,8,1,0,1,1,0,2,157,0,0
582,1,286,91,2,1,10,8,3,1,0,0,1,0,78,0,0
583,1,173,138,3,3,13,4,89,1,0,0,1,0,50,0,0
584,0,127,195,3,3,5,9,0,1,0,0,0,0,0,231,0
585,1,345,200,2,1,6,3,0,1,0,0,1,0,0,0,0
586,1,337,205,2,1,14,4,128,1,1,9,1,0,0,149,0
587,1,299,195,2,1,2,8,109,1,1,9,0,0,0,0,0
588,1,113,51,3,3,2,8,25,1,1,5,1,0,52,217,0
589,1,98,18,2,1,2,8,7,1,1,7,1,0,29,213,0
590,1,148,118,2,1,3,8,67,1,1,8,0,0,107,157,0
591,1,117,25,2,1,2,4,77,1,1,3,1,0,104,65,0
592,1,77,0,0,0,1,0,0,0,0,0,0,1,170,0,0
593,1,188,105,2,1,13,8,2,0,0,0,1,0,98,6,0
594,1,224,8,2,1,9,8,2,1,0,0,1,0,96,0,0
595,1,103,25,2,1,2,1,6,1,0,0,0,0,111,23,0
596,0,272,72,2,1,2,8,54,1,1,8,1,0,127,207,0
597,0,57,114,2,1,0,8,57,1,1,3,0,0,23,145,0
598,1,42,4,2,1,11,8,25,0,1,1,0,0,84,135,0
599,1,47,63,2,1,2,8,46,1,1,11,1,0,67,199,0
600,0,140,15,2,1,9,8,14,1,1,4,0,0,122,114,0
601,1,254,51,3,3,1,0,0,0,0,0,1,0,48,1,1
602,1,144,39,3,3,9,8,6,0,0,0,0,0,77,0,1
603,1,42,9,2,1,11,8,3,0,0,0,0,0,67,0,1
604,1,80,19,2,1,2,4,2,1,0,0,0,0,62,0,1
605,0,141,51,3,3,9,8,30,0,0,0,1,0,96,0,1
606,1,7,1,2,1,2,8,1,0,0,0,0,0,0,0,0
607,1,171,81,2,1,9,8,13,0,0,0,1,0,82,0,1
608,1,349,1,3,3,4,8,77,0,0,0,1,0,144,0,1
609,1,281,90,2,1,14,1,2,0,0,0,1,0,154,0,1
610,1,41,39,3,3,9,8,3,0,0,0,0,0,44,4,1
611,1,122,77,3,3,11,4,86,0,1,2,1,0,117,1,1
612,1,63,26,2,1,13,8,7,0,1,1,0,0,134,90,1
613,1,35,162,2,1,2,1,15,0,1,2,1,0,67,7,1
614,0,221,92,2,1,2,8,3,0,0,0,0,0,52,0,1
615,1,139,39,2,1,2,4,6,0,1,2,1,0,129,51,1
616,1,71,25,2,1,7,8,38,0,1,1,1,0,129,9,1
617,1,170,191,3,3,6,3,0,0,1,2,0,0,52,1,1
618,1,141,98,2,1,10,8,46,0,1,1,1,0,144,42,1
619,1,26,158,3,3,0,8,3,1,0,0,0,0,37,104,1
620,1,65,60,2,1,7,8,3,0,0,0,0,0,52,10,1
621,1,71,5,2,1,2,5,51,0,0,0,1,2,0,0,0
622,0,101,0,0,0,1,0,0,0,0,0,0,1,170,0,0
623,1,31,0,2,1,11,8,17,0,0,0,0,0,52,1,1
624,1,58,26,3,3,3,8,17,0,0,0,0,0,52,0,1
625,1,83,174,2,1,2,8,48,0,0,0,0,2,23,0,1
626,1,63,130,3,3,7,1,4,0,0,0,1,0,170,0,1
627,1,204,66,2,1,6,3,0,0,0,0,0,0,0,149,1
628,1,138,184,2,1,4,4,13,0,0,0,0,0,79,0,1
629,0,38,21,2,1,13,8,40,0,0,0,0,0,75,5,1
630,0,74,39,2,1,11,8,6,0,0,0,1,0,37,139,1
631,0,119,10,2,1,10,4,3,0,1,1,1,0,93,51,1
632,0,225,45,2,1,6,3,0,0,0,0,0,0,22,0,1
633,1,172,58,3,3,9,3,0,0,0,0,0,0,37,0,1
634,0,83,24,2,1,13,8,6,0,1,1,1,0,84,4,1
635,1,23,64,2,1,2,6,24,0,1,2,1,0,52,122,1
636,1,242,16,3,3,10,8,13,0,0,0,1,0,41,0,1
637,1,37,145,2,1,0,8,20,0,0,0,0,0,23,100,1
638,1,133,83,2,1,0,8,6,0,0,0,1,0,31,0,1
639,1,201,25,2,1,9,8,36,0,0,0,1,0,81,0,1
640,1,188,69,2,1,7,1,57,0,0,0,1,0,82,76,1
641,1,179,60,3,3,3,8,72,0,0,0,1,0,67,62,1
642,1,162,25,3,3,0,8,72,0,0,0,1,0,105,0,1
643,0,305,122,2,1,0,4,64,0,0,0,0,0,0,0,1
644,1,205,14,3,3,13,8,7,0,0,0,1,0,102,2,1
645,1,214,67,2,1,3,8,4,0,0,0,1,0,0,115,1
646,0,50,135,2,1,2,8,4,0,0,0,0,0,0,101,1
647,1,85,138,2,1,0,8,6,0,0,0,1,0,0,0,1
648,1,101,11,2,1,9,4,72,0,0,0,1,0,109,0,1
649,0,198,84,2,1,6,3,0,0,1,6,0,0,0,76,1
650,1,282,84,2,1,7,1,25,0,0,0,0,0,31,2,1
651,0,3,129,2,1,11,8,3,0,1,1,1,0,0,68,1
652,0,69,13,2,1,7,8,8,0,0,0,1,2,46,0,1
653,1,57,168,2,1,7,8,13,1,0,0,1,0,31,42,1
654,0,82,27,2,1,11,8,10,0,1,1,1,0,67,11,1
655,0,52,101,3,3,6,3,0,0,0,0,0,0,0,0,1
656,1,102,77,2,1,2,4,52,0,1,1,1,0,133,21,1
657,0,226,49,2,1,0,8,6,0,0,0,0,0,0,105,1
658,0,2,12,2,1,2,8,25,0,0,0,0,0,37,18,1
659,0,133,84,2,1,2,8,6,0,1,1,1,0,10,66,1
660,1,66,138,2,1,0,8,2,0,0,0,0,0,0,0,1
661,1,144,81,2,1,2,8,4,0,0,0,0,0,74,0,1
662,0,81,45,2,1,13,8,23,0,0,0,1,0,52,0,1
663,1,168,86,3,3,3,8,36,0,0,0,1,0,37,0,1
664,1,158,45,3,3,13,8,1,0,0,0,0,2,52,0,1
665,1,165,1,3,3,10,8,1,0,0,0,0,0,0,0,1
666,0,60,172,2,1,2,8,6,0,0,0,1,0,62,0,1
667,0,20,17,2,1,2,8,42,0,1,1,1,0,23,5,1
668,1,150,16,2,1,4,4,2,0,0,0,1,2,86,0,1
669,1,300,55,3,3,6,3,36,0,0,0,0,0,37,1,1
670,1,275,112,2,1,13,8,92,0,0,0,0,0,145,65,1
671,1,104,183,2,1,3,8,13,0,0,0,0,0,0,2,1
672,0,295,28,2,1,0,8,13,0,0,0,1,0,84,55,1
673,1,140,54,3,3,5,4,46,0,0,0,0,0,89,17,1
674,0,214,65,2,1,7,4,5,0,0,0,0,0,90,85,1
675,0,248,33,2,1,0,8,17,0,0,0,0,0,84,83,1
676,0,153,160,2,1,11,4,2,0,1,12,1,0,40,3,1
677,1,36,125,2,1,10,8,1,0,1,1,0,0,31,1,1
678,0,20,154,2,1,6,3,0,0,0,0,0,0,0,35,1
679,0,42,39,2,1,2,8,0,0,0,0,0,0,0,0,1
680,1,37,10,2,1,9,8,7,0,0,0,0,0,96,102,1
681,1,125,32,3,3,4,4,64,0,0,0,0,0,60,116,1
682,1,12,78,2,1,7,8,8,0,0,0,1,0,44,2,1
683,1,208,25,3,3,4,8,15,0,0,0,0,0,84,3,1
684,1,240,78,2,1,10,8,72,0,0,0,1,2,129,0,1
685,1,52,152,3,3,5,4,30,0,0,0,0,0,90,0,1
686,0,71,25,2,1,2,8,46,0,1,2,1,0,67,106,1
687,0,97,186,3,3,6,3,46,0,1,1,1,0,67,1,1
688,1,20,7,2,1,0,8,1,0,0,0,0,0,96,134,1
689,1,197,80,2,1,2,4,108,0,0,0,1,0,0,0,1
